slug,pet,title,status
best-dog-toys-for-aggressive-chewers,dogs,The Best Dog Toys for Aggressive Chewers,done
best-dog-puzzle-toys,dogs,The Best Dog Puzzle Toys,done
best-orthopedic-dog-beds,dogs,The Best Orthopedic Dog Beds,done
best-dog-crates,dogs,The Best Dog Crates,done
best-slow-feeder-dog-bowls,dogs,The Best Slow Feeder Dog Bowls,done
best-dog-gps-trackers,dogs,The Best GPS Trackers for Dogs,done
best-dog-nail-clippers,dogs,The Best Dog Nail Clippers and Grinders,done
best-dog-shampoo,dogs,The Best Dog Shampoos,done
best-dog-leashes,dogs,The Best Dog Leashes,done
best-dog-car-seat-covers,dogs,The Best Dog Car Seat Covers,done
best-cat-litter,cats,The Best Cat Litter,done
best-self-cleaning-litter-boxes,cats,The Best Self-Cleaning Litter Boxes,done
best-cat-water-fountains,cats,The Best Cat Water Fountains,done
best-cat-trees,cats,The Best Cat Trees,done
best-cat-scratching-posts,cats,The Best Cat Scratching Posts,done
best-cat-toys,cats,The Best Cat Toys,done
best-cat-carriers,cats,The Best Cat Carriers,done
best-automatic-cat-feeders,cats,The Best Automatic Cat Feeders,done
best-cat-brushes,cats,The Best Cat Brushes,done
best-cat-beds,cats,The Best Cat Beds,done
best-puppy-chew-toys,dogs,The Best Chew Toys for Puppies,done
best-dog-beds-for-large-dogs,dogs,The Best Beds for Large Dogs,done
best-dog-water-bottles-for-walks,dogs,The Best Dog Water Bottles for Walks,todo
best-dog-poop-bag-holders,dogs,The Best Dog Poop Bags and Holders,todo
best-dog-raincoats,dogs,The Best Dog Raincoats,todo
best-dog-life-jackets,dogs,The Best Dog Life Jackets,todo
best-dog-cooling-mats,dogs,The Best Cooling Mats for Dogs,todo
best-dog-gates,dogs,The Best Dog Gates,todo
best-dog-toothbrushes,dogs,The Best Dog Toothbrushes and Toothpaste,todo
best-dog-seat-belts,dogs,The Best Dog Car Harnesses and Seat Belts,todo
best-cat-litter-mats,cats,The Best Cat Litter Mats,todo
best-cat-window-perches,cats,The Best Cat Window Perches,todo
best-cat-nail-clippers,cats,The Best Cat Nail Clippers,todo
best-cat-harnesses,cats,The Best Cat Harnesses,todo
best-covered-litter-boxes,cats,The Best Covered Litter Boxes,todo
best-cat-tunnels,cats,The Best Cat Tunnels,todo
best-slow-feeder-cat-bowls,cats,The Best Slow Feeder Cat Bowls,todo
best-cat-dental-treats,cats,The Best Cat Dental Treats,todo
best-cat-laser-toys,cats,The Best Cat Laser Toys,todo
best-heated-cat-beds,cats,The Best Heated Cat Beds,todo
