product_id,brand,status,permission_url,affiliate_program,notes
kuranda-chewproof-dog-bed,Kuranda,no-permission,,In-house (Kuranda Partner Program 15% - aimed at shelters/non-profits),No press or media page found on kuranda.com
kurgo-heather-half-hammock,Kurgo,no-permission,,Partnerize (kurgo.com/kurgo-affiliate-program),Only an 'In the Media' coverage page (kurgo.com/in-the-media); no image kit or usage terms. Owned by Radio Systems/PetSafe
kurgo-quantum-leash,Kurgo,no-permission,,Partnerize (kurgo.com/kurgo-affiliate-program),Same brand check as other Kurgo products
kurgo-rover-hammock,Kurgo,no-permission,,Partnerize (kurgo.com/kurgo-affiliate-program),Same brand check as other Kurgo products
whisker-litter-robot-4,Whisker,ambiguous,https://brandfolder.com/litter-robot/media-kit,Impact (litter-robot.com/affiliates.html),"Newsroom (whisker.com/newsroom) links a public Brandfolder media kit (has LR4 images), but download requires clicking 'agree to Whisker's terms and conditions'; those T&C (litter-robot.com/legal.html) say no license to reproduce Whisker IP without written permission. Image not used; consider emailing Whisker press for written OK"
max-and-neo-double-handle-leash,Max and Neo,no-permission,,Possibly in-house (Shopify referral app on site; unconfirmed),Only a 'media coverage' page; no press kit
mendota-slip-leash,Mendota Pet,no-permission,,None found,No press page; only wholesale/dealer portal (wholesale.mendotapet.com)
neakasa-m1,Neakasa,no-permission,,Impact / Awin / GoAffPro (neakasa.com/pages/affiliate-program),No press or media page found
neater-non-tip-slow-feed-bowl,Neater Pets,no-permission,,None found,neaterpets.com/pages/press lists news articles only; no image downloads or usage terms
outward-hound-hide-n-slide,Outward Hound (Nina Ottosson),no-permission,,None found,No press room found; only wholesale login portal
outward-hound-dog-smart,Outward Hound (Nina Ottosson),no-permission,,None found,Same brand check as other Outward Hound products
outward-hound-dog-tornado,Outward Hound (Nina Ottosson),no-permission,,None found,Same brand check as other Outward Hound products
nylabone-puppy-chew-sensory-ring,Nylabone (Central Garden & Pet),no-permission,,None found,No media kit; press releases on ir.central.com with contact press@central.com
nylabone-puppy-chew-teething-ring-bone,Nylabone (Central Garden & Pet),no-permission,,None found,Same brand check as other Nylabone products
nylabone-puppy-power-chew-teething-rings,Nylabone (Central Garden & Pet),no-permission,,None found,Same brand check as other Nylabone products
orvis-memory-foam-couch-dog-bed,Orvis,no-permission,,In-house program (orvis.com/orvis-affiliate-program-information.html); third-party listings show Rakuten,pressroom.orvis.com has releases and look books but no image library or usage terms; assets.orvis.com is just a CDN
orvis-toughchew-memory-foam-lounger-dog-bed,Orvis,no-permission,,In-house program (orvis.com/orvis-affiliate-program-information.html); third-party listings show Rakuten,Same brand check as other Orvis product
outward-hound-fun-feeder-slo-bowl,Outward Hound,no-permission,,None found,No press room found; only wholesale login portal
outward-hound-fun-feeder-stainless-steel,Outward Hound,no-permission,,None found,Same brand check as other Outward Hound products
petlibro-dockstream-2,PETLIBRO,no-permission,,Impact (petlibro.com/pages/affiliate-program),No press or media page on petlibro.com
petlibro-granary-smart-feeder,PETLIBRO,no-permission,,Impact (petlibro.com/pages/affiliate-program),Same brand check as other PETLIBRO product
petsafe-easy-walk,PetSafe,no-permission,,Yes - petsafe.com/about-us/petsafe-affiliate-program (signup via ascendpartner.com; network not named),petsafe.com/press has a press inquiry form only; no media kit or image terms
petsafe-nylon-leash,PetSafe,no-permission,,Yes - petsafe.com/about-us/petsafe-affiliate-program (signup via ascendpartner.com),Same brand check as other PetSafe products
petsafe-smart-feed-2nd-gen,PetSafe,no-permission,,Yes - petsafe.com/about-us/petsafe-affiliate-program (signup via ascendpartner.com),Same brand check as other PetSafe products
petmate-ez-load-top-load-cat-kennel,Petmate,no-permission,,ShareASale (petmate.com/pages/affiliates),No press page; petmatepartners.com is a wholesale account portal (not a press asset library)
petmate-ez-load-two-door-dog-cat-kennel,Petmate,no-permission,,ShareASale (petmate.com/pages/affiliates),Same brand check as other Petmate products
petmate-sky-kennel,Petmate,no-permission,,ShareASale (petmate.com/pages/affiliates),Same brand check as other Petmate products
